X,Y,Z,Square_Z,Exp_X
30,37,6,36,10686474581524.463
42,1,11,121,1.739274941520501e+18
26,37,20,400,195729609428.83878
46,9,17,289,9.496119420602448e+19
4,3,37,1369,54.598150033144236
